page-number-223-line-number-615,"'0'
'-3335.119725~791.388126'
'791.388126~4917.895976'
'4917.895976-9044.403827'
'9044.403827-13170.91 ...'
'13170.911678~17297.4 ...'
'17297.419529~21423.9 ...'
'21423.92738~25550.43 ...'
'25550.435231~29676.9 ...'
'33803.450932~37929.9.'
'29676.943082~33803.4 ...'
'Evaluate models'
'Scored Laels'
'Use the Evaluate Model to see how well the trained model performed on the test'
'dataset.'
"
